﻿<Ragdoll type="四足防卫机器人" Texture="%ModDir:泰拉渊洋%/Characters/四足防卫机器人/机器人.png" Color="255,255,255,255" SpritesheetOrientation="0" LimbScale="1" JointScale="1" TextureScale="1" SourceRectScale="1" ColliderHeightFromFloor="45" ImpactTolerance="50" CanEnterSubmarine="True" CanWalk="True" Draggable="True" MainLimb="Torso">
  <collider Name="Main Collider" Radius="42" Height="0" Width="1" BodyType="Dynamic" />
  <limb Name="Torso (0)" ID="0" Type="Head" Notes="" Scale="1" Flip="True" MirrorVertically="False" MirrorHorizontally="False" Hide="False" SpriteOrientation="NaN" InheritLimbDepth="None" SteerForce="0" Radius="0" Height="85" Width="85" Density="10" IgnoreCollisions="False" AngularDamping="7" AttackPriority="1" PullPos="0,0" StepOffset="0,0" RefJoint="-1" MouthPos="0,0" ConstantTorque="0" ConstantAngle="0" AttackForceMultiplier="1" MinSeveranceDamage="1" CanBeSeveredAlive="True" SeveredFadeOutTime="10" ApplyTailAngle="False" SineFrequencyMultiplier="1" SineAmplitudeMultiplier="1" BlinkFrequency="0" BlinkDurationIn="0.2" BlinkDurationOut="0.5" BlinkHoldTime="0" BlinkRotationIn="0" BlinkRotationOut="45" BlinkForce="50" OnlyBlinkInWater="False" UseTextureOffsetForBlinking="False" BlinkTextureOffsetIn="0.5,0.5" BlinkTextureOffsetOut="0.5,0.5" BlinkTransitionIn="Linear" BlinkTransitionOut="Linear" HealthIndex="0" Friction="0.3" Restitution="0.05" CanEnterSubmarine="True">
    <sprite SourceRect="5,157,67,205" Origin="0.5,0.5" Depth="0" Texture="" IgnoreTint="False" Color="255,255,255,255" DeadColor="255,255,255,255" DeadColorTime="0" />
  </limb>
  <limb Name="Head (1)" ID="1" Type="Torso" Notes="" Scale="1" Flip="True" MirrorVertically="False" MirrorHorizontally="False" Hide="False" SpriteOrientation="NaN" InheritLimbDepth="None" SteerForce="0" Radius="0" Height="65" Width="60" Density="5.959999" IgnoreCollisions="False" AngularDamping="7" AttackPriority="1" PullPos="0,0" StepOffset="0,0" RefJoint="-1" MouthPos="0,0" ConstantTorque="0" ConstantAngle="0" AttackForceMultiplier="1" MinSeveranceDamage="1" CanBeSeveredAlive="False" SeveredFadeOutTime="10" ApplyTailAngle="False" SineFrequencyMultiplier="1" SineAmplitudeMultiplier="1" BlinkFrequency="0" BlinkDurationIn="0.2" BlinkDurationOut="0.5" BlinkHoldTime="0" BlinkRotationIn="0" BlinkRotationOut="45" BlinkForce="50" OnlyBlinkInWater="False" UseTextureOffsetForBlinking="False" BlinkTextureOffsetIn="0.5,0.5" BlinkTextureOffsetOut="0.5,0.5" BlinkTransitionIn="Linear" BlinkTransitionOut="Linear" HealthIndex="0" Friction="0.3" Restitution="0.05" CanEnterSubmarine="True">
    <sprite SourceRect="5,363,153,138" Origin="0.48822135,0.5577925" Depth="0" Texture="" IgnoreTint="False" Color="255,255,255,255" DeadColor="255,255,255,255" DeadColorTime="0" />
  </limb>
  <limb Name="Limb 2" ID="2" Type="LeftLeg" Notes="" Scale="1" Flip="True" MirrorVertically="False" MirrorHorizontally="True" Hide="False" SpriteOrientation="NaN" InheritLimbDepth="None" SteerForce="0" Radius="0" Height="138" Width="59" Density="10" IgnoreCollisions="True" AngularDamping="7" AttackPriority="1" PullPos="0,0" StepOffset="0,0" RefJoint="-1" MouthPos="0,0" ConstantTorque="0" ConstantAngle="0" AttackForceMultiplier="1" MinSeveranceDamage="1" CanBeSeveredAlive="True" SeveredFadeOutTime="10" ApplyTailAngle="False" SineFrequencyMultiplier="1" SineAmplitudeMultiplier="1" BlinkFrequency="0" BlinkDurationIn="0.2" BlinkDurationOut="0.5" BlinkHoldTime="0" BlinkRotationIn="0" BlinkRotationOut="45" BlinkForce="50" OnlyBlinkInWater="False" UseTextureOffsetForBlinking="False" BlinkTextureOffsetIn="0.5,0.5" BlinkTextureOffsetOut="0.5,0.5" BlinkTransitionIn="Linear" BlinkTransitionOut="Linear" HealthIndex="0" Friction="0.3" Restitution="0.05" CanEnterSubmarine="True">
    <sprite SourceRect="3,19,59,138" Origin="0.5,0.5" Depth="0" Texture="" IgnoreTint="False" Color="255,255,255,255" DeadColor="255,255,255,255" DeadColorTime="0" />
  </limb>
  <limb Name="Limb 3" ID="3" Type="None" Notes="" Scale="1" Flip="True" MirrorVertically="False" MirrorHorizontally="False" Hide="False" SpriteOrientation="NaN" InheritLimbDepth="None" SteerForce="0" Radius="0" Height="129.59999" Width="52.199997" Density="10" IgnoreCollisions="True" AngularDamping="7" AttackPriority="1" PullPos="0,0" StepOffset="0,0" RefJoint="-1" MouthPos="0,0" ConstantTorque="0" ConstantAngle="0" AttackForceMultiplier="1" MinSeveranceDamage="1" CanBeSeveredAlive="True" SeveredFadeOutTime="10" ApplyTailAngle="False" SineFrequencyMultiplier="1" SineAmplitudeMultiplier="1" BlinkFrequency="0" BlinkDurationIn="0.2" BlinkDurationOut="0.5" BlinkHoldTime="0" BlinkRotationIn="0" BlinkRotationOut="45" BlinkForce="50" OnlyBlinkInWater="False" UseTextureOffsetForBlinking="False" BlinkTextureOffsetIn="0.5,0.5" BlinkTextureOffsetOut="0.5,0.5" BlinkTransitionIn="Linear" BlinkTransitionOut="Linear" HealthIndex="0" Friction="0.3" Restitution="0.05" CanEnterSubmarine="True">
    <sprite SourceRect="2,13,58,144" Origin="0.5,0.5" Depth="0" Texture="" IgnoreTint="False" Color="255,255,255,255" DeadColor="255,255,255,255" DeadColorTime="0" />
  </limb>
  <joint Name="Joint 1 - 0" Limb1="1" Limb2="0" Limb1Anchor="59.93679,-45.70753" Limb2Anchor="-1.300533,67.30619" CanBeSevered="True" SeveranceProbabilityModifier="0" BreakSound="gore" LimitEnabled="True" UpperLimit="-165.00002" LowerLimit="-45.00002" Stiffness="0.25" Scale="1" WeldJoint="False" ClockWiseRotation="False" />
  <joint Name="Joint 2 - 1" Limb1="2" Limb2="1" Limb1Anchor="9.433747,33.43121" Limb2Anchor="39.875954,-30.71194" CanBeSevered="True" SeveranceProbabilityModifier="0" BreakSound="gore" LimitEnabled="True" UpperLimit="-25.000036" LowerLimit="41.000015" Stiffness="0.25" Scale="1" WeldJoint="False" ClockWiseRotation="False" />
  <joint Name="Joint 3 - 1" Limb1="3" Limb2="1" Limb1Anchor="7,33" Limb2Anchor="1.9980087,-36.29894" CanBeSevered="True" SeveranceProbabilityModifier="0" BreakSound="gore" LimitEnabled="True" UpperLimit="-27.000025" LowerLimit="42.000008" Stiffness="0.25" Scale="1" WeldJoint="False" ClockWiseRotation="False" />
</Ragdoll>